{
  "overall_accuracy": 0.5381254096569805,
  "overall_micro_precision": 0.5381254096569805,
  "overall_micro_recall": 0.5381254096569805,
  "overall_micro_f1": 0.5381254096569805,
  "CONFERENCE_micro_precision": 0.9239074550128534,
  "CONFERENCE_micro_recall": 0.9239074550128534,
  "CONFERENCE_micro_f1": 0.9239074550128534,
  "DATASET_micro_precision": 0.0254618072890664,
  "DATASET_micro_recall": 0.0254618072890664,
  "DATASET_micro_f1": 0.0254618072890664,
  "EVALMETRIC_micro_precision": 0.0,
  "EVALMETRIC_micro_recall": 0.0,
  "EVALMETRIC_micro_f1": 0.0,
  "LICENSE_micro_precision": 0.0,
  "LICENSE_micro_recall": 0.0,
  "LICENSE_micro_f1": 0.0,
  "ONTOLOGY_micro_precision": 0.9960102593331434,
  "ONTOLOGY_micro_recall": 0.9960102593331434,
  "ONTOLOGY_micro_f1": 0.9960102593331434,
  "PROGLANG_micro_precision": 0.0,
  "PROGLANG_micro_recall": 0.0,
  "PROGLANG_micro_f1": 0.0,
  "PROJECT_micro_precision": 0.9683120048750762,
  "PROJECT_micro_recall": 0.9683120048750762,
  "PROJECT_micro_f1": 0.9683120048750762,
  "PUBLICATION_micro_precision": 0.8087403598971722,
  "PUBLICATION_micro_recall": 0.8087403598971722,
  "PUBLICATION_micro_f1": 0.8087403598971722,
  "SOFTWARE_micro_precision": 0.9506369426751592,
  "SOFTWARE_micro_recall": 0.9506369426751592,
  "SOFTWARE_micro_f1": 0.9506369426751592,
  "WORKSHOP_micro_precision": 0.0,
  "WORKSHOP_micro_recall": 0.0,
  "WORKSHOP_micro_f1": 0.0
}