{
  "overall_accuracy": 0.9522066856019227,
  "overall_macro_precision": 0.07324666812322482,
  "overall_macro_recall": 0.07692307692307693,
  "overall_macro_f1": 0.07503987017710753,
  "CONFERENCE_macro_precision": 0.3079691516709511,
  "CONFERENCE_macro_recall": 0.3333333333333333,
  "CONFERENCE_macro_f1": 0.3201496525921967,
  "DATASET_macro_precision": 0.3238891662506241,
  "DATASET_macro_recall": 0.3333333333333333,
  "DATASET_macro_f1": 0.3285433943153763,
  "EVALMETRIC_macro_precision": NaN,
  "EVALMETRIC_macro_recall": NaN,
  "EVALMETRIC_macro_f1": NaN,
  "LICENSE_macro_precision": NaN,
  "LICENSE_macro_recall": NaN,
  "LICENSE_macro_f1": NaN,
  "ONTOLOGY_macro_precision": 0.33200341977771447,
  "ONTOLOGY_macro_recall": 0.3333333333333333,
  "ONTOLOGY_macro_f1": 0.33266704740148484,
  "PROGLANG_macro_precision": NaN,
  "PROGLANG_macro_recall": NaN,
  "PROGLANG_macro_f1": NaN,
  "PROJECT_macro_precision": 0.32277066829169204,
  "PROJECT_macro_recall": 0.3333333333333333,
  "PROJECT_macro_f1": 0.32796697626418986,
  "PUBLICATION_macro_precision": 0.26958011996572406,
  "PUBLICATION_macro_recall": 0.3333333333333333,
  "PUBLICATION_macro_f1": 0.2980860337312867,
  "SOFTWARE_macro_precision": 0.31687898089171973,
  "SOFTWARE_macro_recall": 0.3333333333333333,
  "SOFTWARE_macro_f1": 0.3248979591836735,
  "WORKSHOP_macro_precision": NaN,
  "WORKSHOP_macro_recall": NaN,
  "WORKSHOP_macro_f1": NaN
}